,Accuracy,Precision,Recall,F1-Score,ROC-AUC
crossvit_tiny_240,0.9572275991258196,0.9578129192502854,0.9572275991258196,0.9570183946811497,0.9990052840440968
